country	year	SP.DYN.TFRT.IN	SP.DYN.LE00.IN
Bangladesh	2005	2.607	67.489561
China	2005	1.585	74.053902
United Kingdom	2005	1.760	79.048780